日期,时间,降水量
2024/1/1,0:00:00,0.0016319515466224274
2024/1/1,1:00:00,0.0017279486964240452
2024/1/1,2:00:00,0.0015359543968212
2024/1/1,3:00:00,0.0013439600972187452
2024/1/1,4:00:00,0.0009599714980134452
2024/1/1,5:00:00,0.0008639743482118274
2024/1/1,6:00:00,0.0007679771984106
2024/1/1,7:00:00,0.0008639743482118274
2024/1/1,8:00:00,0.010463689328345108
2024/1/1,9:00:00,0.012767620923576908
2024/1/1,10:00:00,0.016895498365034373
2024/1/1,11:00:00,0.023519301701326087
2024/1/1,12:00:00,0.04051079721616169
2024/1/1,13:00:00,0.0548143725365598
2024/1/1,14:00:00,0.06307012741947433
2024/1/1,15:00:00,0.08159757733113113
2024/1/1,16:00:00,0.08073360298291891
2024/1/1,17:00:00,0.05865425852861318
2024/1/1,18:00:00,0.04742259200185748
2024/1/1,19:00:00,0.04492666610702283
2024/1/1,20:00:00,0.04223874591258534
2024/1/1,21:00:00,0.04271873166159226
2024/1/1,22:00:00,0.04511866040662529
2024/1/1,23:00:00,0.0393588314185454
2024/1/2,0:00:00,0.03983881716755232
2024/1/2,1:00:00,0.04531065470622813
2024/1/2,2:00:00,0.04742259200185748
2024/1/2,3:00:00,0.037534885572320126
2024/1/2,4:00:00,0.025055256098147287
2024/1/2,5:00:00,0.020159401458279616
2024/1/2,6:00:00,0.015551538267815626
2024/1/2,7:00:00,0.00998370357933858
2024/1/2,8:00:00,0.0038398859920533903
2024/1/2,9:00:00,0.003647891692450545
2024/1/2,10:00:00,0.005279843239073363
2024/1/2,11:00:00,0.015167549668610326
2024/1/2,12:00:00,0.03215904518344592
2024/1/2,13:00:00,0.06633403051271958
2024/1/2,14:00:00,0.10684482772888088
2024/1/2,15:00:00,0.11337263391537136
2024/1/2,16:00:00,0.08169357448093235
2024/1/2,17:00:00,0.04646262050384403
2024/1/2,18:00:00,0.03187105373404185
2024/1/2,19:00:00,0.03225504233324715
2024/1/2,20:00:00,0.0343669796288765
2024/1/2,21:00:00,0.03388699387986958
2024/1/2,22:00:00,0.03571093972609485
2024/1/2,23:00:00,0.04003081146715477
2024/1/3,0:00:00,0.048190569200268076
2024/1/3,1:00:00,0.06892595355735545
2024/1/3,2:00:00,0.10847677927550368
2024/1/3,3:00:00,0.14111581020795613
2024/1/3,4:00:00,0.1304601265800082
2024/1/3,5:00:00,0.10175697878941035
2024/1/3,6:00:00,0.06201415877165966
2024/1/3,7:00:00,0.029951110738015353
2024/1/3,8:00:00,0.06623803336291835
2024/1/3,9:00:00,0.025055256098147287
2024/1/3,10:00:00,0.012767620923576908
2024/1/3,11:00:00,0.013727592421590353
2024/1/3,12:00:00,0.021023375806491443
2024/1/3,13:00:00,0.03302301953165775
2024/1/3,14:00:00,0.03503895967748587
2024/1/3,15:00:00,0.03110307653563125
2024/1/3,16:00:00,0.01919942996026617
2024/1/3,17:00:00,0.01382358957139158
2024/1/3,18:00:00,0.01459156676980218
2024/1/3,19:00:00,0.019871410008875545
2024/1/3,20:00:00,0.024095284600133843
2024/1/3,21:00:00,0.026783204794571334
2024/1/3,22:00:00,0.021983347304504887
2024/1/3,23:00:00,0.021311367255895518
2024/1/4,0:00:00,0.0173754841140409
2024/1/4,1:00:00,0.014015583870994426
2024/1/4,2:00:00,0.007007791935497018
2024/1/4,3:00:00,0.005471837538675818
2024/1/4,4:00:00,0.00422387459125869
2024/1/4,5:00:00,0.00499185178966929
2024/1/4,6:00:00,0.005087848939470518
2024/1/4,7:00:00,0.004799857490066445
2024/1/4,8:00:00,0
2024/1/4,9:00:00,0
2024/1/4,10:00:00,0
2024/1/4,11:00:00,0
2024/1/4,12:00:00,0
2024/1/4,13:00:00,0
2024/1/4,14:00:00,0
2024/1/4,15:00:00,0
2024/1/4,16:00:00,0
2024/1/4,17:00:00,0
2024/1/4,18:00:00,0
2024/1/4,19:00:00,0
2024/1/4,20:00:00,0
2024/1/4,21:00:00,0
2024/1/4,22:00:00,0
2024/1/4,23:00:00,0
2024/1/5,0:00:00,0
2024/1/5,1:00:00,0
2024/1/5,2:00:00,0
2024/1/5,3:00:00,0
2024/1/5,4:00:00,0
2024/1/5,5:00:00,0
2024/1/5,6:00:00,0
2024/1/5,7:00:00,0
2024/1/5,8:00:00,0.002495925894834645
2024/1/5,9:00:00,0.0023999287450334177
2024/1/5,10:00:00,0.002111937295629345
2024/1/5,11:00:00,0.002111937295629345
2024/1/5,12:00:00,0.0018239458462252726
2024/1/5,13:00:00,0.0013439600972187452
2024/1/5,14:00:00,0.0013439600972187452
2024/1/5,15:00:00,0.0008639743482118274
2024/1/5,16:00:00,0.0003839885992053
2024/1/5,17:00:00,0.00019199429960284516
2024/1/5,18:00:00,9.599714980122742e-05
2024/1/5,19:00:00,0.00019199429960284516
2024/1/5,20:00:00,0.0002879914494040726
2024/1/5,21:00:00,0.0004799857490065274
2024/1/5,22:00:00,0.0007679771984106
2024/1/5,23:00:00,0.0008639743482118274
2024/1/6,0:00:00,0.0009599714980134452
2024/1/6,1:00:00,0.0009599714980134452
2024/1/6,2:00:00,0.0005759828988081452
2024/1/6,3:00:00,0.0004799857490065274
2024/1/6,4:00:00,0.0003839885992053
2024/1/6,5:00:00,0.0002879914494040726
2024/1/6,6:00:00,0.00019199429960284516
2024/1/6,7:00:00,0.0002879914494040726
2024/1/6,8:00:00,0.0006719800486093726
2024/1/6,9:00:00,0.0004799857490065274
2024/1/6,10:00:00,0.0002879914494040726
2024/1/6,11:00:00,9.599714980122742e-05
2024/1/6,12:00:00,0.00019199429960284516
2024/1/6,13:00:00,0.0003839885992053
2024/1/6,14:00:00,0.0007679771984106
2024/1/6,15:00:00,0.0009599714980134452
2024/1/6,16:00:00,0.0004799857490065274
2024/1/6,17:00:00,0.0006719800486093726
2024/1/6,18:00:00,0.0013439600972187452
2024/1/6,19:00:00,0.0018239458462252726
2024/1/6,20:00:00,0.0025919230446358726
2024/1/6,21:00:00,0.003647891692450545
2024/1/6,22:00:00,0.005087848939470518
2024/1/6,23:00:00,0.005855826137881118
2024/1/7,0:00:00,0.006239814737086418
2024/1/7,1:00:00,0.00691179478569579
2024/1/7,2:00:00,0.007967763433510463
2024/1/7,3:00:00,0.00883173778172229
2024/1/7,4:00:00,0.008543746332318608
2024/1/7,5:00:00,0.007967763433510463
2024/1/7,6:00:00,0.007007791935497018
2024/1/7,7:00:00,0.005855826137881118
2024/1/7,8:00:00,0.0023039315952318
2024/1/7,9:00:00,0.0017279486964240452
2024/1/7,10:00:00,0.0014399572470199726
2024/1/7,11:00:00,0.0016319515466224274
2024/1/7,12:00:00,0.0016319515466224274
2024/1/7,13:00:00,0.0013439600972187452
2024/1/7,14:00:00,0.0009599714980134452
2024/1/7,15:00:00,0.0010559686478146726
2024/1/7,16:00:00,0.0008639743482118274
2024/1/7,17:00:00,0.0007679771984106
2024/1/7,18:00:00,0.0013439600972187452
2024/1/7,19:00:00,0.0025919230446358726
2024/1/7,20:00:00,0.003647891692450545
2024/1/7,21:00:00,0.006047820437483963
2024/1/7,22:00:00,0.008255754882914535
2024/1/7,23:00:00,0.009119729231126363
2024/1/8,0:00:00,0.007967763433510463
2024/1/8,1:00:00,0.00575982898807989
2024/1/8,2:00:00,0.004319871741059918
2024/1/8,3:00:00,0.0030719087936424
2024/1/8,4:00:00,0.0019199429960265
2024/1/8,5:00:00,0.0013439600972187452
2024/1/8,6:00:00,0.0010559686478146726
2024/1/8,7:00:00,0.0007679771984106
2024/1/8,8:00:00,9.599714980122742e-05
2024/1/8,9:00:00,9.599714980122742e-05
2024/1/8,10:00:00,9.599714980122742e-05
2024/1/8,11:00:00,9.599714980122742e-05
2024/1/8,12:00:00,9.599714980122742e-05
2024/1/8,13:00:00,9.599714980122742e-05
2024/1/8,14:00:00,9.599714980122742e-05
2024/1/8,15:00:00,9.599714980122742e-05
2024/1/8,16:00:00,9.599714980122742e-05
2024/1/8,17:00:00,9.599714980122742e-05
2024/1/8,18:00:00,9.599714980122742e-05
2024/1/8,19:00:00,9.599714980122742e-05
2024/1/8,20:00:00,9.599714980122742e-05
2024/1/8,21:00:00,9.599714980122742e-05
2024/1/8,22:00:00,0.00019199429960284516
2024/1/8,23:00:00,0.0002879914494040726
2024/1/9,0:00:00,0.0003839885992053
2024/1/9,1:00:00,0.0006719800486093726
2024/1/9,2:00:00,0.0010559686478146726
2024/1/9,3:00:00,0.0013439600972187452
2024/1/9,4:00:00,0.0014399572470199726
2024/1/9,5:00:00,0.0018239458462252726
2024/1/9,6:00:00,0.0020159401458281177
2024/1/9,7:00:00,0.0018239458462252726
2024/1/9,8:00:00,0.008255754882914535
2024/1/9,9:00:00,0.007391780534702318
2024/1/9,10:00:00,0.005951823287682345
2024/1/9,11:00:00,0.004511866040662373
2024/1/9,12:00:00,0.0034558973928480903
2024/1/9,13:00:00,0.0022079344454305726
2024/1/9,14:00:00,0.0011519657976159
2024/1/9,15:00:00,0.0003839885992053
2024/1/9,16:00:00,9.599714980122742e-05
2024/1/9,17:00:00,9.599714980122742e-05
2024/1/9,18:00:00,9.599714980122742e-05
2024/1/9,19:00:00,9.599714980122742e-05
2024/1/9,20:00:00,9.599714980122742e-05
2024/1/9,21:00:00,0.00019199429960284516
2024/1/9,22:00:00,0.0002879914494040726
2024/1/9,23:00:00,0.0006719800486093726
2024/1/10,0:00:00,0.0009599714980134452
2024/1/10,1:00:00,0.0013439600972187452
2024/1/10,2:00:00,0.0014399572470199726
2024/1/10,3:00:00,0.0013439600972187452
2024/1/10,4:00:00,0.0010559686478146726
2024/1/10,5:00:00,0.0010559686478146726
2024/1/10,6:00:00,0.0013439600972187452
2024/1/10,7:00:00,0.0013439600972187452
2024/1/10,8:00:00,0.00575982898807989
2024/1/10,9:00:00,0.00614381758728519
2024/1/10,10:00:00,0.01075168077774918
2024/1/10,11:00:00,0.016031524016822153
2024/1/10,12:00:00,0.02649521334516726
2024/1/10,13:00:00,0.029087136389803134
2024/1/10,14:00:00,0.02774317629258439
2024/1/10,15:00:00,0.022079344454306114
2024/1/10,16:00:00,0.02428727889973669
2024/1/10,17:00:00,0.0339829910296712
2024/1/10,18:00:00,0.04233474306238696
2024/1/10,19:00:00,0.04473467180741999
2024/1/10,20:00:00,0.04348670886000286
2024/1/10,21:00:00,0.044830668957221605
2024/1/10,22:00:00,0.047902577750864005
2024/1/10,23:00:00,0.050590497945301106
2024/1/11,0:00:00,0.053086423840135746
2024/1/11,1:00:00,0.047614586301459934
2024/1/11,2:00:00,0.03561494257629362
2024/1/11,3:00:00,0.02467126749894199
2024/1/11,4:00:00,0.01641551261602745
2024/1/11,5:00:00,0.012095640874967535
2024/1/11,6:00:00,0.00767977198410639
2024/1/11,7:00:00,0.003935883141854618
2024/1/11,8:00:00,0.0009599714980134452
2024/1/11,9:00:00,0.0007679771984106
2024/1/11,10:00:00,0.0004799857490065274
2024/1/11,11:00:00,0.0003839885992053
2024/1/11,12:00:00,0.0003839885992053
2024/1/11,13:00:00,0.0004799857490065274
2024/1/11,14:00:00,0.0006719800486093726
2024/1/11,15:00:00,0.0006719800486093726
2024/1/11,16:00:00,0.0005759828988081452
2024/1/11,17:00:00,0.0003839885992053
2024/1/11,18:00:00,0.0006719800486093726
2024/1/11,19:00:00,0.0013439600972187452
2024/1/11,20:00:00,0.0015359543968212
2024/1/11,21:00:00,0.002111937295629345
2024/1/11,22:00:00,0.0025919230446358726
2024/1/11,23:00:00,0.0034558973928480903
2024/1/12,0:00:00,0.004319871741059918
2024/1/12,1:00:00,0.004511866040662373
2024/1/12,2:00:00,0.0038398859920533903
2024/1/12,3:00:00,0.0029759116438411726
2024/1/12,4:00:00,0.002111937295629345
2024/1/12,5:00:00,0.0015359543968212
2024/1/12,6:00:00,0.0011519657976159
2024/1/12,7:00:00,0.0009599714980134452
2024/1/12,8:00:00,0.00019199429960284516
2024/1/12,9:00:00,0.00019199429960284516
2024/1/12,10:00:00,0.0003839885992053
2024/1/12,11:00:00,0.0002879914494040726
2024/1/12,12:00:00,0.00019199429960284516
2024/1/12,13:00:00,9.599714980122742e-05
2024/1/12,14:00:00,0.00019199429960284516
2024/1/12,15:00:00,9.599714980122742e-05
2024/1/12,16:00:00,9.599714980122742e-05
2024/1/12,17:00:00,9.599714980122742e-05
2024/1/12,18:00:00,9.599714980122742e-05
2024/1/12,19:00:00,9.599714980122742e-05
2024/1/12,20:00:00,9.599714980122742e-05
2024/1/12,21:00:00,0.00019199429960284516
2024/1/12,22:00:00,0.00019199429960284516
2024/1/12,23:00:00,0.00019199429960284516
2024/1/13,0:00:00,0.00019199429960284516
2024/1/13,1:00:00,0.0002879914494040726
2024/1/13,2:00:00,0.0003839885992053
2024/1/13,3:00:00,0.0003839885992053
2024/1/13,4:00:00,0.0002879914494040726
2024/1/13,5:00:00,0.00019199429960284516
2024/1/13,6:00:00,0.00019199429960284516
2024/1/13,7:00:00,9.599714980122742e-05
2024/1/13,8:00:00,0
2024/1/13,9:00:00,0
2024/1/13,10:00:00,0
2024/1/13,11:00:00,0
2024/1/13,12:00:00,0
2024/1/13,13:00:00,0
2024/1/13,14:00:00,0
2024/1/13,15:00:00,0
2024/1/13,16:00:00,0
2024/1/13,17:00:00,0
2024/1/13,18:00:00,0
2024/1/13,19:00:00,0
2024/1/13,20:00:00,0
2024/1/13,21:00:00,0
2024/1/13,22:00:00,0
2024/1/13,23:00:00,0
2024/1/14,0:00:00,0
2024/1/14,1:00:00,0
2024/1/14,2:00:00,0
2024/1/14,3:00:00,0
2024/1/14,4:00:00,0
2024/1/14,5:00:00,0
2024/1/14,6:00:00,0
2024/1/14,7:00:00,0
2024/1/14,8:00:00,0.00019199429960284516
2024/1/14,9:00:00,0.00019199429960284516
2024/1/14,10:00:00,0.00019199429960284516
2024/1/14,11:00:00,9.599714980122742e-05
2024/1/14,12:00:00,9.599714980122742e-05
2024/1/14,13:00:00,9.599714980122742e-05
2024/1/14,14:00:00,9.599714980122742e-05
2024/1/14,15:00:00,9.599714980122742e-05
2024/1/14,16:00:00,9.599714980122742e-05
2024/1/14,17:00:00,9.599714980122742e-05
2024/1/14,18:00:00,0.00019199429960284516
2024/1/14,19:00:00,0.00019199429960284516
2024/1/14,20:00:00,0.0002879914494040726
2024/1/14,21:00:00,0.0002879914494040726
2024/1/14,22:00:00,0.0002879914494040726
2024/1/14,23:00:00,0.0002879914494040726
2024/1/15,0:00:00,0.0002879914494040726
2024/1/15,1:00:00,0.0002879914494040726
2024/1/15,2:00:00,0.00019199429960284516
2024/1/15,3:00:00,0.00019199429960284516
2024/1/15,4:00:00,0.00019199429960284516
2024/1/15,5:00:00,0.00019199429960284516
2024/1/15,6:00:00,9.599714980122742e-05
2024/1/15,7:00:00,0.00019199429960284516
2024/1/15,8:00:00,0.0004799857490065274
2024/1/15,9:00:00,0.0003839885992053
2024/1/15,10:00:00,0.0003839885992053
2024/1/15,11:00:00,0.0003839885992053
2024/1/15,12:00:00,0.0002879914494040726
2024/1/15,13:00:00,0.00019199429960284516
2024/1/15,14:00:00,9.599714980122742e-05
2024/1/15,15:00:00,9.599714980122742e-05
2024/1/15,16:00:00,9.599714980122742e-05
2024/1/15,17:00:00,9.599714980122742e-05
2024/1/15,18:00:00,0.0002879914494040726
2024/1/15,19:00:00,0.0002879914494040726
2024/1/15,20:00:00,0.0002879914494040726
2024/1/15,21:00:00,0.0002879914494040726
2024/1/15,22:00:00,0.0003839885992053
2024/1/15,23:00:00,0.0003839885992053
2024/1/16,0:00:00,0.0003839885992053
2024/1/16,1:00:00,0.0003839885992053
2024/1/16,2:00:00,0.0003839885992053
2024/1/16,3:00:00,0.0002879914494040726
2024/1/16,4:00:00,0.0003839885992053
2024/1/16,5:00:00,0.0004799857490065274
2024/1/16,6:00:00,0.0003839885992053
2024/1/16,7:00:00,0.0003839885992053
2024/1/16,8:00:00,0.00652780618649049
2024/1/16,9:00:00,0.0038398859920533903
2024/1/16,10:00:00,0.00422387459125869
2024/1/16,11:00:00,0.0014399572470199726
2024/1/16,12:00:00,0.0013439600972187452
2024/1/16,13:00:00,0.0011519657976159
2024/1/16,14:00:00,0.0018239458462252726
2024/1/16,15:00:00,0.0023999287450334177
2024/1/16,16:00:00,0.0029759116438411726
2024/1/16,17:00:00,0.0030719087936424
2024/1/16,18:00:00,0.0031679059434440177
2024/1/16,19:00:00,0.0027839173442387177
2024/1/16,20:00:00,0.0067198004860933355
2024/1/16,21:00:00,0.010559686478146335
2024/1/16,22:00:00,0.01113566937695448
2024/1/16,23:00:00,0.010079700729139808
2024/1/17,0:00:00,0.01113566937695448
2024/1/17,1:00:00,0.010943675077351635
2024/1/17,2:00:00,0.010079700729139808
2024/1/17,3:00:00,0.011615655125961008
2024/1/17,4:00:00,0.009311723530729208
2024/1/17,5:00:00,0.010175697878941035
2024/1/17,6:00:00,0.014399572470199726
2024/1/17,7:00:00,0.017183489814438055
2024/1/17,8:00:00,0.007391780534702318
2024/1/17,9:00:00,0.005663831838278663
2024/1/17,10:00:00,0.00460786319046399
2024/1/17,11:00:00,0.00959971498013289
2024/1/17,12:00:00,0.0071037890852986355
2024/1/17,13:00:00,0.00614381758728519
2024/1/17,14:00:00,0.006623803336291718
2024/1/17,15:00:00,0.0030719087936424
2024/1/17,16:00:00,0.0008639743482118274
2024/1/17,17:00:00,0.0002879914494040726
2024/1/17,18:00:00,0.0004799857490065274
2024/1/17,19:00:00,0.0006719800486093726
2024/1/17,20:00:00,0.0006719800486093726
2024/1/17,21:00:00,0.0013439600972187452
2024/1/17,22:00:00,0.0025919230446358726
2024/1/17,23:00:00,0.00422387459125869
2024/1/18,0:00:00,0.003647891692450545
2024/1/18,1:00:00,0.0018239458462252726
2024/1/18,2:00:00,0.0006719800486093726
2024/1/18,3:00:00,0.0002879914494040726
2024/1/18,4:00:00,0.0002879914494040726
2024/1/18,5:00:00,0.0004799857490065274
2024/1/18,6:00:00,0.0006719800486093726
2024/1/18,7:00:00,0.0006719800486093726
2024/1/18,8:00:00,9.599714980122742e-05
2024/1/18,9:00:00,9.599714980122742e-05
2024/1/18,10:00:00,9.599714980122742e-05
2024/1/18,11:00:00,9.599714980122742e-05
2024/1/18,12:00:00,9.599714980122742e-05
2024/1/18,13:00:00,9.599714980122742e-05
2024/1/18,14:00:00,9.599714980122742e-05
2024/1/18,15:00:00,9.599714980122742e-05
2024/1/18,16:00:00,9.599714980122742e-05
2024/1/18,17:00:00,9.599714980122742e-05
2024/1/18,18:00:00,9.599714980122742e-05
2024/1/18,19:00:00,9.599714980122742e-05
2024/1/18,20:00:00,9.599714980122742e-05
2024/1/18,21:00:00,9.599714980122742e-05
2024/1/18,22:00:00,9.599714980122742e-05
2024/1/18,23:00:00,9.599714980122742e-05
2024/1/19,0:00:00,0.00019199429960284516
2024/1/19,1:00:00,0.00019199429960284516
2024/1/19,2:00:00,0.00019199429960284516
2024/1/19,3:00:00,0.00019199429960284516
2024/1/19,4:00:00,9.599714980122742e-05
2024/1/19,5:00:00,9.599714980122742e-05
2024/1/19,6:00:00,9.599714980122742e-05
2024/1/19,7:00:00,0.00019199429960284516
2024/1/19,8:00:00,0.0038398859920533903
2024/1/19,9:00:00,0.004703860340265218
2024/1/19,10:00:00,0.005855826137881118
2024/1/19,11:00:00,0.007007791935497018
2024/1/19,12:00:00,0.00844774918251699
2024/1/19,13:00:00,0.010463689328345108
2024/1/19,14:00:00,0.011231666526755708
2024/1/19,15:00:00,0.01036769217854388
2024/1/19,16:00:00,0.00767977198410639
2024/1/19,17:00:00,0.0038398859920533903
2024/1/19,18:00:00,0.0027839173442387177
2024/1/19,19:00:00,0.0035518945426493177
2024/1/19,20:00:00,0.004895854639867673
2024/1/19,21:00:00,0.006623803336291718
2024/1/19,22:00:00,0.008351752032715763
2024/1/19,23:00:00,0.010559686478146335
2024/1/20,0:00:00,0.010943675077351635
2024/1/20,1:00:00,0.00998370357933858
2024/1/20,2:00:00,0.00959971498013289
2024/1/20,3:00:00,0.010943675077351635
2024/1/20,4:00:00,0.01382358957139158
2024/1/20,5:00:00,0.01766347556344497
2024/1/20,6:00:00,0.018239458462252726
2024/1/20,7:00:00,0.015935526867020926
2024/1/20,8:00:00,0.1397718501107374
2024/1/20,9:00:00,0.10050901584199323
2024/1/20,10:00:00,0.08236555452954172
2024/1/20,11:00:00,0.08063760583311769
2024/1/20,12:00:00,0.06998192220517012
2024/1/20,13:00:00,0.047326594852055856
2024/1/20,14:00:00,0.02342330455152486
2024/1/20,15:00:00,0.006239814737086418
2024/1/20,16:00:00,0.0018239458462252726
2024/1/20,17:00:00,0.0013439600972187452
2024/1/20,18:00:00,0.0017279486964240452
2024/1/20,19:00:00,0.0025919230446358726
2024/1/20,20:00:00,0.005663831838278663
2024/1/20,21:00:00,0.010559686478146335
2024/1/20,22:00:00,0.01641551261602745
2024/1/20,23:00:00,0.01919942996026617
2024/1/21,0:00:00,0.02534324754755136
2024/1/21,1:00:00,0.03801487132132704
2024/1/21,2:00:00,0.06105418727364621
2024/1/21,3:00:00,0.09484518400371457
2024/1/21,4:00:00,0.10905276217431184
2024/1/21,5:00:00,0.1286361807337829
2024/1/21,6:00:00,0.1300761379808029
2024/1/21,7:00:00,0.12364432894411402
2024/1/21,8:00:00,0.05222244949192392
2024/1/21,9:00:00,0.044830668957221605
2024/1/21,10:00:00,0.05107048369430802
2024/1/21,11:00:00,0.0752617654442431
2024/1/21,12:00:00,0.10070101014159569
2024/1/21,13:00:00,0.1343960097218628
2024/1/21,14:00:00,0.1931462654002772
2024/1/21,15:00:00,0.25506442702213566
2024/1/21,16:00:00,0.2891434152016081
2024/1/21,17:00:00,0.288855423752204
2024/1/21,18:00:00,0.34962161957644616
2024/1/21,19:00:00,0.4142277013927417
2024/1/21,20:00:00,0.4840176292983093
2024/1/21,21:00:00,0.539983967632485
2024/1/21,22:00:00,0.48411362644811057
2024/1/21,23:00:00,0.3665171179414805
2024/1/22,0:00:00,0.31746257439300063
2024/1/22,1:00:00,0.28827944085339585
2024/1/22,2:00:00,0.23346506831683606
2024/1/22,3:00:00,0.20831381506888755
2024/1/22,4:00:00,0.20111402883378768
2024/1/22,5:00:00,0.18700244781299202
2024/1/22,6:00:00,0.1448596990502079
2024/1/22,7:00:00,0.11145269091934486
2024/1/22,8:00:00,0.23528901416306133
2024/1/22,9:00:00,0.1888263936592173
2024/1/22,10:00:00,0.12172438594808713
2024/1/22,11:00:00,0.1054048704818609
2024/1/22,12:00:00,0.08274954312874702
2024/1/22,13:00:00,0.0544303839373545
2024/1/22,14:00:00,0.02841515634119376
2024/1/22,15:00:00,0.01267162377377568
2024/1/22,16:00:00,0.005663831838278663
2024/1/22,17:00:00,0.0016319515466224274
2024/1/22,18:00:00,0.00019199429960284516
2024/1/22,19:00:00,0.0002879914494040726
2024/1/22,20:00:00,0.0014399572470199726
2024/1/22,21:00:00,0.0027839173442387177
2024/1/22,22:00:00,0.004895854639867673
2024/1/22,23:00:00,0.010463689328345108
2024/1/23,0:00:00,0.014783561069405026
2024/1/23,1:00:00,0.014783561069405026
2024/1/23,2:00:00,0.012095640874967535
2024/1/23,3:00:00,0.010943675077351635
2024/1/23,4:00:00,0.009119729231126363
2024/1/23,5:00:00,0.005855826137881118
2024/1/23,6:00:00,0.011423660826358163
2024/1/23,7:00:00,0.027551181992981934
2024/1/23,8:00:00,0.016031524016822153
2024/1/23,9:00:00,0.017471481263842126
2024/1/23,10:00:00,0.027263190543577863
2024/1/23,11:00:00,0.03763088272212174
2024/1/23,12:00:00,0.05558234973497039
2024/1/23,13:00:00,0.06921394500675952
2024/1/23,14:00:00,0.07986962863470709
2024/1/23,15:00:00,0.07698971414066713
2024/1/23,16:00:00,0.05932623857722217
2024/1/23,17:00:00,0.0467506119532481
2024/1/23,18:00:00,0.04963052644728805
2024/1/23,19:00:00,0.062494144520666185
2024/1/23,20:00:00,0.07727770559007122
2024/1/23,21:00:00,0.0721898566506007
2024/1/23,22:00:00,0.060286210075235616
2024/1/23,23:00:00,0.05596633833417569
2024/1/24,0:00:00,0.05347041243934105
2024/1/24,1:00:00,0.050590497945301106
2024/1/24,2:00:00,0.045982634754837506
2024/1/24,3:00:00,0.0343669796288765
2024/1/24,4:00:00,0.026591210494968487
2024/1/24,5:00:00,0.031775056584240624
2024/1/24,6:00:00,0.03455897392847895
2024/1/24,7:00:00,0.03158306228463778
2024/1/24,8:00:00,0.01795146701284865
2024/1/24,9:00:00,0.02073538435708737
2024/1/24,10:00:00,0.023615298851127314
2024/1/24,11:00:00,0.027455184843180706
2024/1/24,12:00:00,0.03609492832530015
2024/1/24,13:00:00,0.04223874591258534
2024/1/24,14:00:00,0.0467506119532481
2024/1/24,15:00:00,0.046078631904638734
2024/1/24,16:00:00,0.043678703159605314
2024/1/24,17:00:00,0.04156676586397636
2024/1/24,18:00:00,0.04156676586397636
2024/1/24,19:00:00,0.04319871741059879
2024/1/24,20:00:00,0.04348670886000286
2024/1/24,21:00:00,0.04079878866556537
2024/1/24,22:00:00,0.03801487132132704
2024/1/24,23:00:00,0.03974282001775109
2024/1/25,0:00:00,0.03830286277073111
2024/1/25,1:00:00,0.03187105373404185
2024/1/25,2:00:00,0.02534324754755136
2024/1/25,3:00:00,0.021311367255895518
2024/1/25,4:00:00,0.01459156676980218
2024/1/25,5:00:00,0.010463689328345108
2024/1/25,6:00:00,0.01075168077774918
2024/1/25,7:00:00,0.012191638024769153
2024/1/25,8:00:00,0.0029759116438411726
2024/1/25,9:00:00,0.0038398859920533903
2024/1/25,10:00:00,0.004703860340265218
2024/1/25,11:00:00,0.00499185178966929
2024/1/25,12:00:00,0.00691179478569579
2024/1/25,13:00:00,0.005951823287682345
2024/1/25,14:00:00,0.004319871741059918
2024/1/25,15:00:00,0.004127877441457073
2024/1/25,16:00:00,0.004319871741059918
2024/1/25,17:00:00,0.005087848939470518
2024/1/25,18:00:00,0.005855826137881118
2024/1/25,19:00:00,0.008255754882914535
2024/1/25,20:00:00,0.00959971498013289
2024/1/25,21:00:00,0.010463689328345108
2024/1/25,22:00:00,0.010079700729139808
2024/1/25,23:00:00,0.009887706429536963
2024/1/26,0:00:00,0.010847677927550408
2024/1/26,1:00:00,0.010079700729139808
2024/1/26,2:00:00,0.008543746332318608
2024/1/26,3:00:00,0.00729578338490109
2024/1/26,4:00:00,0.006335811886887645
2024/1/26,5:00:00,0.006239814737086418
2024/1/26,6:00:00,0.005279843239073363
2024/1/26,7:00:00,0.0038398859920533903
2024/1/26,8:00:00,0.0029759116438411726
2024/1/26,9:00:00,0.0023039315952318
2024/1/26,10:00:00,0.0013439600972187452
2024/1/26,11:00:00,0.0008639743482118274
2024/1/26,12:00:00,0.0007679771984106
2024/1/26,13:00:00,0.0005759828988081452
2024/1/26,14:00:00,0.0002879914494040726
2024/1/26,15:00:00,9.599714980122742e-05
2024/1/26,16:00:00,0.00019199429960284516
2024/1/26,17:00:00,0.0007679771984106
2024/1/26,18:00:00,0.002111937295629345
2024/1/26,19:00:00,0.005663831838278663
2024/1/26,20:00:00,0.009119729231126363
2024/1/26,21:00:00,0.010847677927550408
2024/1/26,22:00:00,0.011807649425563853
2024/1/26,23:00:00,0.01151965797615978
2024/1/27,0:00:00,0.012479629474172835
2024/1/27,1:00:00,0.011039672227152863
2024/1/27,2:00:00,0.008543746332318608
2024/1/27,3:00:00,0.006815797635894563
2024/1/27,4:00:00,0.005855826137881118
2024/1/27,5:00:00,0.007007791935497018
2024/1/27,6:00:00,0.00652780618649049
2024/1/27,7:00:00,0.005183846089271745
2024/1/27,8:00:00,0.012095640874967535
2024/1/27,9:00:00,0.012383632324371608
2024/1/27,10:00:00,0.012479629474172835
2024/1/27,11:00:00,0.014015583870994426
2024/1/27,12:00:00,0.01036769217854388
2024/1/27,13:00:00,0.009023732081325135
2024/1/27,14:00:00,0.012095640874967535
2024/1/27,15:00:00,0.02495925894834606
2024/1/27,16:00:00,0.038494857070333566
2024/1/27,17:00:00,0.0359029340256977
2024/1/27,18:00:00,0.02111937295629267
2024/1/27,19:00:00,0.01727948696423967
2024/1/27,20:00:00,0.025247250397750134
2024/1/27,21:00:00,0.03369499958026712
2024/1/27,22:00:00,0.04127877441457228
2024/1/27,23:00:00,0.056350326933381
2024/1/28,0:00:00,0.06921394500675952
2024/1/28,1:00:00,0.05251044094132799
2024/1/28,2:00:00,0.01641551261602745
2024/1/28,3:00:00,0.0023039315952318
2024/1/28,4:00:00,0.0014399572470199726
2024/1/28,5:00:00,0.00691179478569579
2024/1/28,6:00:00,0.01343960097218628
2024/1/28,7:00:00,0.014687563919603408
2024/1/28,8:00:00,0.006239814737086418
2024/1/28,9:00:00,0.005183846089271745
2024/1/28,10:00:00,0.004031880291655845
2024/1/28,11:00:00,0.002879914494039945
2024/1/28,12:00:00,0.0030719087936424
2024/1/28,13:00:00,0.0026879201944371
2024/1/28,14:00:00,0.0020159401458281177
2024/1/28,15:00:00,0.0016319515466224274
2024/1/28,16:00:00,0.0010559686478146726
2024/1/28,17:00:00,0.0007679771984106
2024/1/28,18:00:00,0.0006719800486093726
2024/1/28,19:00:00,0.0015359543968212
2024/1/28,20:00:00,0.0023039315952318
2024/1/28,21:00:00,0.002879914494039945
2024/1/28,22:00:00,0.002495925894834645
2024/1/28,23:00:00,0.0013439600972187452
2024/1/29,0:00:00,0.0010559686478146726
2024/1/29,1:00:00,0.0011519657976159
2024/1/29,2:00:00,0.0013439600972187452
2024/1/29,3:00:00,0.0015359543968212
2024/1/29,4:00:00,0.0017279486964240452
2024/1/29,5:00:00,0.0015359543968212
2024/1/29,6:00:00,0.0013439600972187452
2024/1/29,7:00:00,0.0008639743482118274
2024/1/29,8:00:00,0.006431809036689263
2024/1/29,9:00:00,0.0022079344454305726
2024/1/29,10:00:00,0.0008639743482118274
2024/1/29,11:00:00,0.00019199429960284516
2024/1/29,12:00:00,9.599714980122742e-05
2024/1/29,13:00:00,9.599714980122742e-05
2024/1/29,14:00:00,9.599714980122742e-05
2024/1/29,15:00:00,0
2024/1/29,16:00:00,0
2024/1/29,17:00:00,0
2024/1/29,18:00:00,9.599714980122742e-05
2024/1/29,19:00:00,9.599714980122742e-05
2024/1/29,20:00:00,0.00019199429960284516
2024/1/29,21:00:00,0.0003839885992053
2024/1/29,22:00:00,0.0004799857490065274
2024/1/29,23:00:00,0.0004799857490065274
2024/1/30,0:00:00,0.0003839885992053
2024/1/30,1:00:00,0.0002879914494040726
2024/1/30,2:00:00,0.0002879914494040726
2024/1/30,3:00:00,0.00019199429960284516
2024/1/30,4:00:00,0.00019199429960284516
2024/1/30,5:00:00,0.0002879914494040726
2024/1/30,6:00:00,0.0005759828988081452
2024/1/30,7:00:00,0.0006719800486093726
2024/1/30,8:00:00,0.0007679771984106
2024/1/30,9:00:00,0.0006719800486093726
2024/1/30,10:00:00,0.0007679771984106
2024/1/30,11:00:00,0.0009599714980134452
2024/1/30,12:00:00,0.0015359543968212
2024/1/30,13:00:00,0.0020159401458281177
2024/1/30,14:00:00,0.0011519657976159
2024/1/30,15:00:00,0.0006719800486093726
2024/1/30,16:00:00,0.0004799857490065274
2024/1/30,17:00:00,0.0003839885992053
2024/1/30,18:00:00,0.0013439600972187452
2024/1/30,19:00:00,0.00460786319046399
2024/1/30,20:00:00,0.007967763433510463
2024/1/30,21:00:00,0.0035518945426493177
2024/1/30,22:00:00,0.0013439600972187452
2024/1/30,23:00:00,0.0013439600972187452
2024/1/31,0:00:00,0.0009599714980134452
2024/1/31,1:00:00,0.0006719800486093726
2024/1/31,2:00:00,0.0003839885992053
2024/1/31,3:00:00,0.0002879914494040726
2024/1/31,4:00:00,0.0002879914494040726
2024/1/31,5:00:00,0.00019199429960284516
2024/1/31,6:00:00,0.00019199429960284516
2024/1/31,7:00:00,0.00019199429960284516
2024/1/31,8:00:00,0.0002879914494040726
2024/1/31,9:00:00,0.0003839885992053
2024/1/31,10:00:00,0.0003839885992053
2024/1/31,11:00:00,0.0002879914494040726
2024/1/31,12:00:00,0.0002879914494040726
2024/1/31,13:00:00,0.0002879914494040726
2024/1/31,14:00:00,0.0002879914494040726
2024/1/31,15:00:00,0.0002879914494040726
2024/1/31,16:00:00,0.0002879914494040726
2024/1/31,17:00:00,0.0002879914494040726
2024/1/31,18:00:00,0.0002879914494040726
2024/1/31,19:00:00,0.0002879914494040726
2024/1/31,20:00:00,0.0003839885992053
2024/1/31,21:00:00,0.0005759828988081452
2024/1/31,22:00:00,0.0008639743482118274
2024/1/31,23:00:00,0.0011519657976159
2024/2/1,0:00:00,0.0015359543968212
2024/2/1,1:00:00,0.0022079344454305726
2024/2/1,2:00:00,0.0038398859920533903
2024/2/1,3:00:00,0.004127877441457073
2024/2/1,4:00:00,0.004319871741059918
2024/2/1,5:00:00,0.003263903093245245
2024/2/1,6:00:00,0.002111937295629345
2024/2/1,7:00:00,0.0008639743482118274
2024/2/1,8:00:00,9.599714980122742e-05
2024/2/1,9:00:00,9.599714980122742e-05
2024/2/1,10:00:00,9.599714980122742e-05
2024/2/1,11:00:00,9.599714980122742e-05
2024/2/1,12:00:00,9.599714980122742e-05
2024/2/1,13:00:00,9.599714980122742e-05
2024/2/1,14:00:00,0
2024/2/1,15:00:00,9.599714980122742e-05
2024/2/1,16:00:00,0
2024/2/1,17:00:00,0
2024/2/1,18:00:00,0
2024/2/1,19:00:00,0
2024/2/1,20:00:00,0
2024/2/1,21:00:00,0
2024/2/1,22:00:00,0
2024/2/1,23:00:00,0
2024/2/2,0:00:00,9.599714980122742e-05
2024/2/2,1:00:00,9.599714980122742e-05
2024/2/2,2:00:00,9.599714980122742e-05
2024/2/2,3:00:00,9.599714980122742e-05
2024/2/2,4:00:00,0
2024/2/2,5:00:00,0
2024/2/2,6:00:00,0
2024/2/2,7:00:00,0
2024/2/2,8:00:00,0.0038398859920533903
2024/2/2,9:00:00,0.0029759116438411726
2024/2/2,10:00:00,0.0025919230446358726
2024/2/2,11:00:00,0.0018239458462252726
2024/2/2,12:00:00,0.0016319515466224274
2024/2/2,13:00:00,0.00460786319046399
2024/2/2,14:00:00,0.011327663676556935
2024/2/2,15:00:00,0.013247606672583826
2024/2/2,16:00:00,0.008159757733112918
2024/2/2,17:00:00,0.003647891692450545
2024/2/2,18:00:00,0.0033599002430464726
2024/2/2,19:00:00,0.00614381758728519
2024/2/2,20:00:00,0.00652780618649049
2024/2/2,21:00:00,0.009119729231126363
2024/2/2,22:00:00,0.033599002430465895
2024/2/2,23:00:00,0.05500636683616264
2024/2/3,0:00:00,0.05116648084410925
2024/2/3,1:00:00,0.052126452342122695
2024/2/3,2:00:00,0.06383810461788493
2024/2/3,3:00:00,0.0748777768450378
2024/2/3,4:00:00,0.07602974264265408
2024/2/3,5:00:00,0.08284554027854826
2024/2/3,6:00:00,0.08543746332318412
2024/2/3,7:00:00,0.09196526950967462
2024/2/3,8:00:00,0.02467126749894199
2024/2/3,9:00:00,0.029759116438412506
2024/2/3,10:00:00,0.0393588314185454
2024/2/3,11:00:00,0.048766552099075836
2024/2/3,12:00:00,0.09762910134795329
2024/2/3,13:00:00,0.41595565008916574
2024/2/3,14:00:00,0.7331302330327623
2024/2/3,15:00:00,0.47643385446400416
2024/2/3,16:00:00,0.1436117361027908
2024/2/3,17:00:00,0.07823767708808466
2024/2/3,18:00:00,0.05769428703059974
2024/2/3,19:00:00,0.04415868890861223
2024/2/3,20:00:00,0.0347509682280818
2024/2/3,21:00:00,0.02889514209020068
2024/2/3,22:00:00,0.023615298851127314
2024/2/3,23:00:00,0.019295427110067397
2024/2/4,0:00:00,0.022079344454306114
2024/2/4,1:00:00,0.029375127839207205
2024/2/4,2:00:00,0.04867055494927461
2024/2/4,3:00:00,0.053374415289539824
2024/2/4,4:00:00,0.04358270600980409
2024/2/4,5:00:00,0.04118277726477067
2024/2/4,6:00:00,0.02467126749894199
2024/2/4,7:00:00,0.010463689328345108
2024/2/4,8:00:00,0.0006719800486093726
2024/2/4,9:00:00,0.0004799857490065274
2024/2/4,10:00:00,0.0003839885992053
2024/2/4,11:00:00,9.599714980122742e-05
2024/2/4,12:00:00,9.599714980122742e-05
2024/2/4,13:00:00,9.599714980122742e-05
2024/2/4,14:00:00,9.599714980122742e-05
2024/2/4,15:00:00,9.599714980122742e-05
2024/2/4,16:00:00,9.599714980122742e-05
2024/2/4,17:00:00,9.599714980122742e-05
2024/2/4,18:00:00,0.00019199429960284516
2024/2/4,19:00:00,0.0002879914494040726
2024/2/4,20:00:00,0.0006719800486093726
2024/2/4,21:00:00,0.0018239458462252726
2024/2/4,22:00:00,0.0038398859920533903
2024/2/4,23:00:00,0.00422387459125869
2024/2/5,0:00:00,0.0031679059434440177
2024/2/5,1:00:00,0.0016319515466224274
2024/2/5,2:00:00,0.0009599714980134452
2024/2/5,3:00:00,0.0007679771984106
2024/2/5,4:00:00,0.0006719800486093726
2024/2/5,5:00:00,0.0009599714980134452
2024/2/5,6:00:00,0.0013439600972187452
2024/2/5,7:00:00,0.0015359543968212
2024/2/5,8:00:00,0.004031880291655845
2024/2/5,9:00:00,0.005471837538675818
2024/2/5,10:00:00,0.005663831838278663
2024/2/5,11:00:00,0.007391780534702318
2024/2/5,12:00:00,0.00998370357933858
2024/2/5,13:00:00,0.012383632324371608
2024/2/5,14:00:00,0.016319515466226224
2024/2/5,15:00:00,0.019487421409670243
2024/2/5,16:00:00,0.01641551261602745
2024/2/5,17:00:00,0.017567478413643353
2024/2/5,18:00:00,0.022463333053511416
2024/2/5,19:00:00,0.024191281749935463
2024/2/5,20:00:00,0.02620722189576319
2024/2/5,21:00:00,0.026015227596160734
2024/2/5,22:00:00,0.02467126749894199
2024/2/5,23:00:00,0.01795146701284865
2024/2/6,0:00:00,0.01651150976582868
2024/2/6,1:00:00,0.01641551261602745
2024/2/6,2:00:00,0.014111581020795653
2024/2/6,3:00:00,0.010847677927550408
2024/2/6,4:00:00,0.007967763433510463
2024/2/6,5:00:00,0.01036769217854388
2024/2/6,6:00:00,0.015263546818411553
2024/2/6,7:00:00,0.019007435660663326
2024/2/6,8:00:00,0.01727948696423967
2024/2/6,9:00:00,0.02035139575788207
2024/2/6,10:00:00,0.023327307401723243
2024/2/6,11:00:00,0.017471481263842126
2024/2/6,12:00:00,0.01420757817059688
2024/2/6,13:00:00,0.013919586721192808
2024/2/6,14:00:00,0.014879558219206253
2024/2/6,15:00:00,0.014015583870994426
2024/2/6,16:00:00,0.01343960097218628
2024/2/6,17:00:00,0.01382358957139158
2024/2/6,18:00:00,0.016319515466226224
2024/2/6,19:00:00,0.020831381506888597
2024/2/6,20:00:00,0.025631238996955436
2024/2/6,21:00:00,0.026303219045564416
2024/2/6,22:00:00,0.023039315952319173
2024/2/6,23:00:00,0.015263546818411553
2024/2/7,0:00:00,0.009695712129934508
2024/2/7,1:00:00,0.006239814737086418
2024/2/7,2:00:00,0.004031880291655845
2024/2/7,3:00:00,0.002879914494039945
2024/2/7,4:00:00,0.0025919230446358726
2024/2/7,5:00:00,0.005279843239073363
2024/2/7,6:00:00,0.009791709279735735
2024/2/7,7:00:00,0.013727592421590353
2024/2/7,8:00:00,0.016895498365034373
2024/2/7,9:00:00,0.023327307401723243
2024/2/7,10:00:00,0.02611122474596196
2024/2/7,11:00:00,0.01228763517457038
2024/2/7,12:00:00,0.004415868890861145
2024/2/7,13:00:00,0.004031880291655845
2024/2/7,14:00:00,0.00422387459125869
2024/2/7,15:00:00,0.004127877441457073
2024/2/7,16:00:00,0.0033599002430464726
2024/2/7,17:00:00,0.004031880291655845
2024/2/7,18:00:00,0.005567834688477045
2024/2/7,19:00:00,0.008255754882914535
2024/2/7,20:00:00,0.01036769217854388
2024/2/7,21:00:00,0.00959971498013289
2024/2/7,22:00:00,0.008927734931523908
2024/2/7,23:00:00,0.004703860340265218
2024/2/8,0:00:00,0.0026879201944371
2024/2/8,1:00:00,0.0023039315952318
2024/2/8,2:00:00,0.0027839173442387177
2024/2/8,3:00:00,0.004031880291655845
2024/2/8,4:00:00,0.005471837538675818
2024/2/8,5:00:00,0.00767977198410639
2024/2/8,6:00:00,0.006431809036689263
2024/2/8,7:00:00,0.0038398859920533903
2024/2/8,8:00:00,0.00460786319046399
2024/2/8,9:00:00,0.004703860340265218
2024/2/8,10:00:00,0.005855826137881118
2024/2/8,11:00:00,0.008639743482119835
2024/2/8,12:00:00,0.011231666526755708
2024/2/8,13:00:00,0.012095640874967535
2024/2/8,14:00:00,0.01420757817059688
2024/2/8,15:00:00,0.016799501215232753
2024/2/8,16:00:00,0.018335455612054345
2024/2/8,17:00:00,0.018335455612054345
2024/2/8,18:00:00,0.02073538435708737
2024/2/8,19:00:00,0.02390329030053139
2024/2/8,20:00:00,0.022079344454306114
2024/2/8,21:00:00,0.0212153701060939
2024/2/8,22:00:00,0.019007435660663326
2024/2/8,23:00:00,0.01036769217854388
2024/2/9,0:00:00,0.005855826137881118
2024/2/9,1:00:00,0.004031880291655845
2024/2/9,2:00:00,0.003935883141854618
2024/2/9,3:00:00,0.0038398859920533903
2024/2/9,4:00:00,0.0038398859920533903
2024/2/9,5:00:00,0.005087848939470518
2024/2/9,6:00:00,0.004319871741059918
2024/2/9,7:00:00,0.003263903093245245
2024/2/9,8:00:00,0.005471837538675818
2024/2/9,9:00:00,0.006047820437483963
2024/2/9,10:00:00,0.006239814737086418
2024/2/9,11:00:00,0.004511866040662373
2024/2/9,12:00:00,0.004799857490066445
2024/2/9,13:00:00,0.00499185178966929
2024/2/9,14:00:00,0.004415868890861145
2024/2/9,15:00:00,0.0031679059434440177
2024/2/9,16:00:00,0.0015359543968212
2024/2/9,17:00:00,0.0004799857490065274
2024/2/9,18:00:00,9.599714980122742e-05
2024/2/9,19:00:00,9.599714980122742e-05
2024/2/9,20:00:00,9.599714980122742e-05
2024/2/9,21:00:00,9.599714980122742e-05
2024/2/9,22:00:00,0.00019199429960284516
2024/2/9,23:00:00,0.00019199429960284516
2024/2/10,0:00:00,0.00019199429960284516
2024/2/10,1:00:00,0.00019199429960284516
2024/2/10,2:00:00,0.00019199429960284516
2024/2/10,3:00:00,9.599714980122742e-05
2024/2/10,4:00:00,9.599714980122742e-05
2024/2/10,5:00:00,9.599714980122742e-05
2024/2/10,6:00:00,9.599714980122742e-05
2024/2/10,7:00:00,9.599714980122742e-05
2024/2/10,8:00:00,9.599714980122742e-05
2024/2/10,9:00:00,9.599714980122742e-05
2024/2/10,10:00:00,9.599714980122742e-05
2024/2/10,11:00:00,0
2024/2/10,12:00:00,0
2024/2/10,13:00:00,9.599714980122742e-05
2024/2/10,14:00:00,9.599714980122742e-05
2024/2/10,15:00:00,9.599714980122742e-05
2024/2/10,16:00:00,9.599714980122742e-05
2024/2/10,17:00:00,9.599714980122742e-05
2024/2/10,18:00:00,9.599714980122742e-05
2024/2/10,19:00:00,9.599714980122742e-05
2024/2/10,20:00:00,9.599714980122742e-05
2024/2/10,21:00:00,9.599714980122742e-05
2024/2/10,22:00:00,0
2024/2/10,23:00:00,0
2024/2/11,0:00:00,0
2024/2/11,1:00:00,0
2024/2/11,2:00:00,0
2024/2/11,3:00:00,0
2024/2/11,4:00:00,0
2024/2/11,5:00:00,0
2024/2/11,6:00:00,0
2024/2/11,7:00:00,9.599714980122742e-05
2024/2/11,8:00:00,0
2024/2/11,9:00:00,0
2024/2/11,10:00:00,0
2024/2/11,11:00:00,0
2024/2/11,12:00:00,0
2024/2/11,13:00:00,0
2024/2/11,14:00:00,0
2024/2/11,15:00:00,9.599714980122742e-05
2024/2/11,16:00:00,9.599714980122742e-05
2024/2/11,17:00:00,9.599714980122742e-05
2024/2/11,18:00:00,9.599714980122742e-05
2024/2/11,19:00:00,9.599714980122742e-05
2024/2/11,20:00:00,9.599714980122742e-05
2024/2/11,21:00:00,9.599714980122742e-05
2024/2/11,22:00:00,9.599714980122742e-05
2024/2/11,23:00:00,9.599714980122742e-05
2024/2/12,0:00:00,9.599714980122742e-05
2024/2/12,1:00:00,9.599714980122742e-05
2024/2/12,2:00:00,9.599714980122742e-05
2024/2/12,3:00:00,9.599714980122742e-05
2024/2/12,4:00:00,9.599714980122742e-05
2024/2/12,5:00:00,9.599714980122742e-05
2024/2/12,6:00:00,9.599714980122742e-05
2024/2/12,7:00:00,9.599714980122742e-05
2024/2/12,8:00:00,0
2024/2/12,9:00:00,0
2024/2/12,10:00:00,0
2024/2/12,11:00:00,0
2024/2/12,12:00:00,0
2024/2/12,13:00:00,0
2024/2/12,14:00:00,0
2024/2/12,15:00:00,0
2024/2/12,16:00:00,0
2024/2/12,17:00:00,0
2024/2/12,18:00:00,0
2024/2/12,19:00:00,0
2024/2/12,20:00:00,0
2024/2/12,21:00:00,0
2024/2/12,22:00:00,0
2024/2/12,23:00:00,0
2024/2/13,0:00:00,0
2024/2/13,1:00:00,0
2024/2/13,2:00:00,0
2024/2/13,3:00:00,0
2024/2/13,4:00:00,0
2024/2/13,5:00:00,0
2024/2/13,6:00:00,0
2024/2/13,7:00:00,0
2024/2/13,8:00:00,9.599714980122742e-05
2024/2/13,9:00:00,9.599714980122742e-05
2024/2/13,10:00:00,0
2024/2/13,11:00:00,0
2024/2/13,12:00:00,0
2024/2/13,13:00:00,0
2024/2/13,14:00:00,0
2024/2/13,15:00:00,0
2024/2/13,16:00:00,0
2024/2/13,17:00:00,0
2024/2/13,18:00:00,0
2024/2/13,19:00:00,0
2024/2/13,20:00:00,0
2024/2/13,21:00:00,0
2024/2/13,22:00:00,0
2024/2/13,23:00:00,0
2024/2/14,0:00:00,0
2024/2/14,1:00:00,0
2024/2/14,2:00:00,0
2024/2/14,3:00:00,0
2024/2/14,4:00:00,0
2024/2/14,5:00:00,0
2024/2/14,6:00:00,0
2024/2/14,7:00:00,0
2024/2/14,8:00:00,0
2024/2/14,9:00:00,0
2024/2/14,10:00:00,9.599714980122742e-05
2024/2/14,11:00:00,9.599714980122742e-05
2024/2/14,12:00:00,9.599714980122742e-05
2024/2/14,13:00:00,9.599714980122742e-05
2024/2/14,14:00:00,9.599714980122742e-05
2024/2/14,15:00:00,0.00019199429960284516
2024/2/14,16:00:00,0.00019199429960284516
2024/2/14,17:00:00,9.599714980122742e-05
2024/2/14,18:00:00,0.00019199429960284516
2024/2/14,19:00:00,0.00019199429960284516
2024/2/14,20:00:00,0.00019199429960284516
2024/2/14,21:00:00,0.0002879914494040726
2024/2/14,22:00:00,0.0003839885992053
2024/2/14,23:00:00,0.0004799857490065274
2024/2/15,0:00:00,0.0004799857490065274
2024/2/15,1:00:00,0.0003839885992053
2024/2/15,2:00:00,0.0002879914494040726
2024/2/15,3:00:00,0.0002879914494040726
2024/2/15,4:00:00,0.00019199429960284516
2024/2/15,5:00:00,0.00019199429960284516
2024/2/15,6:00:00,9.599714980122742e-05
2024/2/15,7:00:00,9.599714980122742e-05
2024/2/15,8:00:00,9.599714980122742e-05
2024/2/15,9:00:00,9.599714980122742e-05
2024/2/15,10:00:00,9.599714980122742e-05
2024/2/15,11:00:00,9.599714980122742e-05
2024/2/15,12:00:00,9.599714980122742e-05
2024/2/15,13:00:00,9.599714980122742e-05
2024/2/15,14:00:00,9.599714980122742e-05
2024/2/15,15:00:00,9.599714980122742e-05
2024/2/15,16:00:00,9.599714980122742e-05
2024/2/15,17:00:00,9.599714980122742e-05
2024/2/15,18:00:00,9.599714980122742e-05
2024/2/15,19:00:00,9.599714980122742e-05
2024/2/15,20:00:00,0.00019199429960284516
2024/2/15,21:00:00,0.00019199429960284516
2024/2/15,22:00:00,0.0002879914494040726
2024/2/15,23:00:00,0.00019199429960284516
2024/2/16,0:00:00,0.00019199429960284516
2024/2/16,1:00:00,9.599714980122742e-05
2024/2/16,2:00:00,9.599714980122742e-05
2024/2/16,3:00:00,9.599714980122742e-05
2024/2/16,4:00:00,0
2024/2/16,5:00:00,0
2024/2/16,6:00:00,0
2024/2/16,7:00:00,0
2024/2/16,8:00:00,0
2024/2/16,9:00:00,0
2024/2/16,10:00:00,0
2024/2/16,11:00:00,0
2024/2/16,12:00:00,0
2024/2/16,13:00:00,0
2024/2/16,14:00:00,0
2024/2/16,15:00:00,0
2024/2/16,16:00:00,0
2024/2/16,17:00:00,0
2024/2/16,18:00:00,0
2024/2/16,19:00:00,0
2024/2/16,20:00:00,0
2024/2/16,21:00:00,0
2024/2/16,22:00:00,0
2024/2/16,23:00:00,0
2024/2/17,0:00:00,0
2024/2/17,1:00:00,0
2024/2/17,2:00:00,0
2024/2/17,3:00:00,0
2024/2/17,4:00:00,0
2024/2/17,5:00:00,0
2024/2/17,6:00:00,0
2024/2/17,7:00:00,0
2024/2/17,8:00:00,9.599714980122742e-05
2024/2/17,9:00:00,9.599714980122742e-05
2024/2/17,10:00:00,9.599714980122742e-05
2024/2/17,11:00:00,9.599714980122742e-05
2024/2/17,12:00:00,0
2024/2/17,13:00:00,0
2024/2/17,14:00:00,0
2024/2/17,15:00:00,0
2024/2/17,16:00:00,0
2024/2/17,17:00:00,0
2024/2/17,18:00:00,0
2024/2/17,19:00:00,0
2024/2/17,20:00:00,9.599714980122742e-05
2024/2/17,21:00:00,9.599714980122742e-05
2024/2/17,22:00:00,9.599714980122742e-05
2024/2/17,23:00:00,9.599714980122742e-05
2024/2/18,0:00:00,9.599714980122742e-05
2024/2/18,1:00:00,9.599714980122742e-05
2024/2/18,2:00:00,9.599714980122742e-05
2024/2/18,3:00:00,9.599714980122742e-05
2024/2/18,4:00:00,9.599714980122742e-05
2024/2/18,5:00:00,9.599714980122742e-05
2024/2/18,6:00:00,9.599714980122742e-05
2024/2/18,7:00:00,9.599714980122742e-05
2024/2/18,8:00:00,9.599714980122742e-05
2024/2/18,9:00:00,9.599714980122742e-05
2024/2/18,10:00:00,9.599714980122742e-05
2024/2/18,11:00:00,9.599714980122742e-05
2024/2/18,12:00:00,9.599714980122742e-05
2024/2/18,13:00:00,0
2024/2/18,14:00:00,0
2024/2/18,15:00:00,0
2024/2/18,16:00:00,0
2024/2/18,17:00:00,0
2024/2/18,18:00:00,0
2024/2/18,19:00:00,0
2024/2/18,20:00:00,0
2024/2/18,21:00:00,0
2024/2/18,22:00:00,0
2024/2/18,23:00:00,0
2024/2/19,0:00:00,9.599714980122742e-05
2024/2/19,1:00:00,9.599714980122742e-05
2024/2/19,2:00:00,9.599714980122742e-05
2024/2/19,3:00:00,9.599714980122742e-05
2024/2/19,4:00:00,9.599714980122742e-05
2024/2/19,5:00:00,9.599714980122742e-05
2024/2/19,6:00:00,9.599714980122742e-05
2024/2/19,7:00:00,9.599714980122742e-05
2024/2/19,8:00:00,0
2024/2/19,9:00:00,0
2024/2/19,10:00:00,0
2024/2/19,11:00:00,0
2024/2/19,12:00:00,0
2024/2/19,13:00:00,0
2024/2/19,14:00:00,0
2024/2/19,15:00:00,0
2024/2/19,16:00:00,0
2024/2/19,17:00:00,0
2024/2/19,18:00:00,0
2024/2/19,19:00:00,0
2024/2/19,20:00:00,9.599714980122742e-05
2024/2/19,21:00:00,9.599714980122742e-05
2024/2/19,22:00:00,9.599714980122742e-05
2024/2/19,23:00:00,9.599714980122742e-05
2024/2/20,0:00:00,9.599714980122742e-05
2024/2/20,1:00:00,9.599714980122742e-05
2024/2/20,2:00:00,9.599714980122742e-05
2024/2/20,3:00:00,9.599714980122742e-05
2024/2/20,4:00:00,9.599714980122742e-05
2024/2/20,5:00:00,9.599714980122742e-05
2024/2/20,6:00:00,9.599714980122742e-05
2024/2/20,7:00:00,9.599714980122742e-05
2024/2/20,8:00:00,9.599714980122742e-05
2024/2/20,9:00:00,9.599714980122742e-05
2024/2/20,10:00:00,9.599714980122742e-05
2024/2/20,11:00:00,9.599714980122742e-05
2024/2/20,12:00:00,9.599714980122742e-05
2024/2/20,13:00:00,0
2024/2/20,14:00:00,0
2024/2/20,15:00:00,0
2024/2/20,16:00:00,0
2024/2/20,17:00:00,0
2024/2/20,18:00:00,0
2024/2/20,19:00:00,0
2024/2/20,20:00:00,0
2024/2/20,21:00:00,0
2024/2/20,22:00:00,9.599714980122742e-05
2024/2/20,23:00:00,9.599714980122742e-05
2024/2/21,0:00:00,9.599714980122742e-05
2024/2/21,1:00:00,9.599714980122742e-05
2024/2/21,2:00:00,9.599714980122742e-05
2024/2/21,3:00:00,9.599714980122742e-05
2024/2/21,4:00:00,9.599714980122742e-05
2024/2/21,5:00:00,9.599714980122742e-05
2024/2/21,6:00:00,9.599714980122742e-05
2024/2/21,7:00:00,9.599714980122742e-05
2024/2/21,8:00:00,0.011039672227152863
2024/2/21,9:00:00,0.009119729231126363
2024/2/21,10:00:00,0.006239814737086418
2024/2/21,11:00:00,0.005951823287682345
2024/2/21,12:00:00,0.008639743482119835
2024/2/21,13:00:00,0.011807649425563853
2024/2/21,14:00:00,0.00844774918251699
2024/2/21,15:00:00,0.006431809036689263
2024/2/21,16:00:00,0.005855826137881118
2024/2/21,17:00:00,0.004319871741059918
2024/2/21,18:00:00,0.005471837538675818
2024/2/21,19:00:00,0.011231666526755708
2024/2/21,20:00:00,0.017087492664636827
2024/2/21,21:00:00,0.02428727889973669
2024/2/21,22:00:00,0.03225504233324715
2024/2/21,23:00:00,0.042430740212188185
2024/2/22,0:00:00,0.05318242098993737
2024/2/22,1:00:00,0.051262477993910475
2024/2/22,2:00:00,0.04271873166159226
2024/2/22,3:00:00,0.0332150138312606
2024/2/22,4:00:00,0.022943318802517945
2024/2/22,5:00:00,0.018719444211259643
2024/2/22,6:00:00,0.0158395297172197
2024/2/22,7:00:00,0.01343960097218628
2024/2/22,8:00:00,0.016223518316424997
2024/2/22,9:00:00,0.014879558219206253
2024/2/22,10:00:00,0.014687563919603408
2024/2/22,11:00:00,0.01343960097218628
2024/2/22,12:00:00,0.009023732081325135
2024/2/22,13:00:00,0.005855826137881118
2024/2/22,14:00:00,0.004895854639867673
2024/2/22,15:00:00,0.00652780618649049
2024/2/22,16:00:00,0.008639743482119835
2024/2/22,17:00:00,0.00959971498013289
2024/2/22,18:00:00,0.014399572470199726
2024/2/22,19:00:00,0.0393588314185454
2024/2/22,20:00:00,0.06047820437483846
2024/2/22,21:00:00,0.06710200771113017
2024/2/22,22:00:00,0.06777398775973954
2024/2/22,23:00:00,0.05740629558119567
2024/2/23,0:00:00,0.04147076871417474
2024/2/23,1:00:00,0.03129507083523371
2024/2/23,2:00:00,0.027263190543577863
2024/2/23,3:00:00,0.022943318802517945
2024/2/23,4:00:00,0.0196794157092727
2024/2/23,5:00:00,0.030527093636823106
2024/2/23,6:00:00,0.04204675161298289
2024/2/23,7:00:00,0.050014515046493346
2024/2/23,8:00:00,0.0023039315952318
2024/2/23,9:00:00,0.0035518945426493177
2024/2/23,10:00:00,0.005471837538675818
2024/2/23,11:00:00,0.004895854639867673
2024/2/23,12:00:00,0.0033599002430464726
2024/2/23,13:00:00,0.0027839173442387177
2024/2/23,14:00:00,0.0027839173442387177
2024/2/23,15:00:00,0.0027839173442387177
2024/2/23,16:00:00,0.0027839173442387177
2024/2/23,17:00:00,0.0025919230446358726
2024/2/23,18:00:00,0.002879914494039945
2024/2/23,19:00:00,0.0038398859920533903
2024/2/23,20:00:00,0.004799857490066445
2024/2/23,21:00:00,0.005471837538675818
2024/2/23,22:00:00,0.005471837538675818
2024/2/23,23:00:00,0.004895854639867673
2024/2/24,0:00:00,0.003935883141854618
2024/2/24,1:00:00,0.0023999287450334177
2024/2/24,2:00:00,0.0016319515466224274
2024/2/24,3:00:00,0.0013439600972187452
2024/2/24,4:00:00,0.0013439600972187452
2024/2/24,5:00:00,0.0014399572470199726
2024/2/24,6:00:00,0.0014399572470199726
2024/2/24,7:00:00,0.0018239458462252726
2024/2/24,8:00:00,0.05663831838278507
2024/2/24,9:00:00,0.060286210075235616
2024/2/24,10:00:00,0.05999821862583154
2024/2/24,11:00:00,0.0849574775741776
2024/2/24,12:00:00,0.09820508424676143
2024/2/24,13:00:00,0.08438149467536984
2024/2/24,14:00:00,0.07497377399483941
2024/2/24,15:00:00,0.05500636683616264
2024/2/24,16:00:00,0.03187105373404185
2024/2/24,17:00:00,0.02649521334516726
2024/2/24,18:00:00,0.023327307401723243
2024/2/24,19:00:00,0.021503361555497973
2024/2/24,20:00:00,0.021311367255895518
2024/2/24,21:00:00,0.02111937295629267
2024/2/24,22:00:00,0.020831381506888597
2024/2/24,23:00:00,0.01228763517457038
2024/2/25,0:00:00,0.007007791935497018
2024/2/25,1:00:00,0.004703860340265218
2024/2/25,2:00:00,0.0031679059434440177
2024/2/25,3:00:00,0.0018239458462252726
2024/2/25,4:00:00,0.0010559686478146726
2024/2/25,5:00:00,0.0017279486964240452
2024/2/25,6:00:00,0.0026879201944371
2024/2/25,7:00:00,0.0030719087936424
2024/2/25,8:00:00,0.0008639743482118274
2024/2/25,9:00:00,0.0020159401458281177
2024/2/25,10:00:00,0.0023039315952318
2024/2/25,11:00:00,0.0008639743482118274
2024/2/25,12:00:00,0.00019199429960284516
2024/2/25,13:00:00,0.00019199429960284516
2024/2/25,14:00:00,0.00019199429960284516
2024/2/25,15:00:00,0.0002879914494040726
2024/2/25,16:00:00,0.0002879914494040726
2024/2/25,17:00:00,0.0002879914494040726
2024/2/25,18:00:00,0.0005759828988081452
2024/2/25,19:00:00,0.0019199429960265
2024/2/25,20:00:00,0.002879914494039945
2024/2/25,21:00:00,0.004031880291655845
2024/2/25,22:00:00,0.0038398859920533903
2024/2/25,23:00:00,0.0030719087936424
2024/2/26,0:00:00,0.002495925894834645
2024/2/26,1:00:00,0.002111937295629345
2024/2/26,2:00:00,0.0016319515466224274
2024/2/26,3:00:00,0.0010559686478146726
2024/2/26,4:00:00,0.0007679771984106
2024/2/26,5:00:00,0.0009599714980134452
2024/2/26,6:00:00,0.0010559686478146726
2024/2/26,7:00:00,0.0009599714980134452
2024/2/26,8:00:00,0.0008639743482118274
2024/2/26,9:00:00,0.0011519657976159
2024/2/26,10:00:00,0.0022079344454305726
2024/2/26,11:00:00,0.002495925894834645
2024/2/26,12:00:00,0.0025919230446358726
2024/2/26,13:00:00,0.0026879201944371
2024/2/26,14:00:00,0.002495925894834645
2024/2/26,15:00:00,0.0020159401458281177
2024/2/26,16:00:00,0.0016319515466224274
2024/2/26,17:00:00,0.0022079344454305726
2024/2/26,18:00:00,0.0038398859920533903
2024/2/26,19:00:00,0.004799857490066445
2024/2/26,20:00:00,0.006335811886887645
2024/2/26,21:00:00,0.008639743482119835
2024/2/26,22:00:00,0.008735740631921063
2024/2/26,23:00:00,0.004319871741059918
2024/2/27,0:00:00,0.003263903093245245
2024/2/27,1:00:00,0.0025919230446358726
2024/2/27,2:00:00,0.0016319515466224274
2024/2/27,3:00:00,0.0006719800486093726
2024/2/27,4:00:00,0.00019199429960284516
2024/2/27,5:00:00,9.599714980122742e-05
2024/2/27,6:00:00,0.00019199429960284516
2024/2/27,7:00:00,0.0004799857490065274
2024/2/27,8:00:00,0.0013439600972187452
2024/2/27,9:00:00,0.0013439600972187452
2024/2/27,10:00:00,0.0009599714980134452
2024/2/27,11:00:00,0.0007679771984106
2024/2/27,12:00:00,0.0002879914494040726
2024/2/27,13:00:00,0.00019199429960284516
2024/2/27,14:00:00,9.599714980122742e-05
2024/2/27,15:00:00,9.599714980122742e-05
2024/2/27,16:00:00,9.599714980122742e-05
2024/2/27,17:00:00,0.00019199429960284516
2024/2/27,18:00:00,0.0002879914494040726
2024/2/27,19:00:00,0.0007679771984106
2024/2/27,20:00:00,0.0014399572470199726
2024/2/27,21:00:00,0.004415868890861145
2024/2/27,22:00:00,0.010655683627947563
2024/2/27,23:00:00,0.01459156676980218
2024/2/28,0:00:00,0.01459156676980218
2024/2/28,1:00:00,0.01305561237298098
2024/2/28,2:00:00,0.011231666526755708
2024/2/28,3:00:00,0.007391780534702318
2024/2/28,4:00:00,0.0034558973928480903
2024/2/28,5:00:00,0.0038398859920533903
2024/2/28,6:00:00,0.0038398859920533903
2024/2/28,7:00:00,0.002495925894834645
2024/2/28,8:00:00,0.0005759828988081452
2024/2/28,9:00:00,0.0005759828988081452
2024/2/28,10:00:00,0.0011519657976159
2024/2/28,11:00:00,0.0013439600972187452
2024/2/28,12:00:00,0.0014399572470199726
2024/2/28,13:00:00,0.0016319515466224274
2024/2/28,14:00:00,0.0019199429960265
2024/2/28,15:00:00,0.002111937295629345
2024/2/28,16:00:00,0.0023999287450334177
2024/2/28,17:00:00,0.004031880291655845
2024/2/28,18:00:00,0.006815797635894563
2024/2/28,19:00:00,0.010079700729139808
2024/2/28,20:00:00,0.012095640874967535
2024/2/28,21:00:00,0.01459156676980218
2024/2/28,22:00:00,0.013919586721192808
2024/2/28,23:00:00,0.010847677927550408
2024/2/29,0:00:00,0.01190364657536508
2024/2/29,1:00:00,0.013535598121987508
2024/2/29,2:00:00,0.012095640874967535
2024/2/29,3:00:00,0.008735740631921063
2024/2/29,4:00:00,0.005183846089271745
2024/2/29,5:00:00,0.0034558973928480903
2024/2/29,6:00:00,0.0022079344454305726
2024/2/29,7:00:00,0.0017279486964240452
2024/2/29,8:00:00,0.009023732081325135
2024/2/29,9:00:00,0.007199786235099863
2024/2/29,10:00:00,0.006239814737086418
2024/2/29,11:00:00,0.007967763433510463
2024/2/29,12:00:00,0.011423660826358163
2024/2/29,13:00:00,0.011423660826358163
2024/2/29,14:00:00,0.012959615223179753
2024/2/29,15:00:00,0.01343960097218628
2024/2/29,16:00:00,0.013919586721192808
2024/2/29,17:00:00,0.015935526867020926
2024/2/29,18:00:00,0.020831381506888597
2024/2/29,19:00:00,0.030623090786624334
2024/2/29,20:00:00,0.03388699387986958
2024/2/29,21:00:00,0.038206865620929495
2024/2/29,22:00:00,0.04348670886000286
2024/2/29,23:00:00,0.03945482856834701
